"Employment, Hours, and Earnings from the Current Employment Statistics survey (National)",,,,,,,,,,,,,,,,,,,,,,,,,,,,,,,,,,,,,,,,,,,,,,,,,,,,,,,,,,,,,,,,,,,,,,,,,,,,,,,,,,,,,,,,,,,,,,,,,,,,,,,,,,,,,,,,,,,,,,,,,,,,,,,,,,,,,
Years:,2010 to 2020,,,,,,,,,,,,,,,,,,,,,,,,,,,,,,,,,,,,,,,,,,,,,,,,,,,,,,,,,,,,,,,,,,,,,,,,,,,,,,,,,,,,,,,,,,,,,,,,,,,,,,,,,,,,,,,,,,,,,,,,,,,,,,,,,,,,
,,,,,,,,,,,,,,,,,,,,,,,,,,,,,,,,,,,,,,,,,,,,,,,,,,,,,,,,,,,,,,,,,,,,,,,,,,,,,,,,,,,,,,,,,,,,,,,,,,,,,,,,,,,,,,,,,,,,,,,,,,,,,,,,,,,,,
Series ID,View Description,"Jan
2010","Feb
2010","Mar
2010","Apr
2010","May
2010","Jun
2010","Jul
2010","Aug
2010","Sep
2010","Oct
2010","Nov
2010","Dec
2010","Jan
2011","Feb
2011","Mar
2011","Apr
2011","May
2011","Jun
2011","Jul
2011","Aug
2011","Sep
2011","Oct
2011","Nov
2011","Dec
2011","Jan
2012","Feb
2012","Mar
2012","Apr
2012","May
2012","Jun
2012","Jul
2012","Aug
2012","Sep
2012","Oct
2012","Nov
2012","Dec
2012","Jan
2013","Feb
2013","Mar
2013","Apr
2013","May
2013","Jun
2013","Jul
2013","Aug
2013","Sep
2013","Oct
2013","Nov
2013","Dec
2013","Jan
2014","Feb
2014","Mar
2014","Apr
2014","May
2014","Jun
2014","Jul
2014","Aug
2014","Sep
2014","Oct
2014","Nov
2014","Dec
2014","Jan
2015","Feb
2015","Mar
2015","Apr
2015","May
2015","Jun
2015","Jul
2015","Aug
2015","Sep
2015","Oct
2015","Nov
2015","Dec
2015","Jan
2016","Feb
2016","Mar
2016","Apr
2016","May
2016","Jun
2016","Jul
2016","Aug
2016","Sep
2016","Oct
2016","Nov
2016","Dec
2016","Jan
2017","Feb
2017","Mar
2017","Apr
2017","May
2017","Jun
2017","Jul
2017","Aug
2017","Sep
2017","Oct
2017","Nov
2017","Dec
2017","Jan
2018","Feb
2018","Mar
2018","Apr
2018","May
2018","Jun
2018","Jul
2018","Aug
2018","Sep
2018","Oct
2018","Nov
2018","Dec
2018","Jan
2019","Feb
2019","Mar
2019","Apr
2019","May
2019","Jun
2019","Jul
2019","Aug
2019","Sep
2019","Oct
2019","Nov
2019","Dec
2019","Jan
2020","Feb
2020","Mar
2020","Apr
2020","May
2020","Jun
2020","Jul
2020","Aug
2020","Sep
2020","Oct
2020","Nov
2020","Dec
2020"
CES0000000001,Original Data Value,129790,129698,129879,130110,130650,130511,130427,130422,130357,130625,130750,130822,130841,131053,131288,131602,131703,131939,131999,132125,132358,132562,132694,132896,133250,133512,133752,133834,133934,134007,134159,134331,134518,134677,134833,135072,135263,135541,135680,135871,136093,136274,136386,136628,136815,137040,137304,137373,137548,137714,137968,138293,138511,138837,139069,139257,139566,139818,140109,140377,140568,140839,140910,141194,141525,141699,142001,142126,142281,142587,142824,143097,143170,143433,143662,143849,143891,144158,144512,144647,144916,145061,145212,145442,145627,145815,145944,146141,146296,146512,146727,146911,146929,147196,147421,147551,147672,148078,148254,148391,148669,148888,149024,149268,149348,149549,149683,149865,150134,150135,150282,150492,150577,150759,150953,151160,151368,151553,151814,151998,152212,152463,151090,130303,133028,137809,139570,141063,141735,142373,,
CES0000000001,1-Month Net Change,2,-92,181,231,540,-139,-84,-5,-65,268,125,72,19,212,235,314,101,236,60,126,233,204,132,202,354,262,240,82,100,73,152,172,187,159,156,239,191,278,139,191,222,181,112,242,187,225,264,69,175,166,254,325,218,326,232,188,309,252,291,268,191,271,71,284,331,174,302,125,155,306,237,273,73,263,229,187,42,267,354,135,269,145,151,230,185,188,129,197,155,216,215,184,18,267,225,130,121,406,176,137,278,219,136,244,80,201,134,182,269,1,147,210,85,182,194,207,208,185,261,184,214,251,-1373,-20787,2725,4781,1761,1493,672,638,,
CES0000000001,12-Month Net Change,-4265,-3614,-2633,-1707,-825,-497,-241,-63,113,580,693,1034,1051,1355,1409,1492,1053,1428,1572,1703,2001,1937,1944,2074,2409,2459,2464,2232,2231,2068,2160,2206,2160,2115,2139,2176,2013,2029,1928,2037,2159,2267,2227,2297,2297,2363,2471,2301,2285,2173,2288,2422,2418,2563,2683,2629,2751,2778,2805,3004,3020,3125,2942,2901,3014,2862,2932,2869,2715,2769,2715,2720,2602,2594,2752,2655,2366,2459,2511,2521,2635,2474,2388,2345,2457,2382,2282,2292,2405,2354,2215,2264,2013,2135,2209,2109,2045,2263,2310,2250,2373,2376,2297,2357,2419,2353,2262,2314,2462,2057,2028,2101,1908,1871,1929,1892,2020,2004,2131,2133,2078,2328,808,-20189,-17549,-12950,-11383,-10097,-9633,-9180,,
CES0000000001,12-Month Percent Change,-3.2,-2.7,-2.0,-1.3,-0.6,-0.4,-0.2,0.0,0.1,0.4,0.5,0.8,0.8,1.0,1.1,1.1,0.8,1.1,1.2,1.3,1.5,1.5,1.5,1.6,1.8,1.9,1.9,1.7,1.7,1.6,1.6,1.7,1.6,1.6,1.6,1.6,1.5,1.5,1.4,1.5,1.6,1.7,1.7,1.7,1.7,1.8,1.8,1.7,1.7,1.6,1.7,1.8,1.8,1.9,2.0,1.9,2.0,2.0,2.0,2.2,2.2,2.3,2.1,2.1,2.2,2.1,2.1,2.1,1.9,2.0,1.9,1.9,1.9,1.8,2.0,1.9,1.7,1.7,1.8,1.8,1.9,1.7,1.7,1.6,1.7,1.7,1.6,1.6,1.7,1.6,1.5,1.6,1.4,1.5,1.5,1.5,1.4,1.6,1.6,1.5,1.6,1.6,1.6,1.6,1.6,1.6,1.5,1.6,1.7,1.4,1.4,1.4,1.3,1.3,1.3,1.3,1.4,1.3,1.4,1.4,1.4,1.6,0.5,-13.4,-11.7,-8.6,-7.5,-6.7,-6.4,-6.1,,
CES0500000001,Original Data Value,107299,107222,107361,107541,107654,107771,107858,108002,108110,108328,108463,108556,108583,108838,109096,109418,109574,109775,109950,110108,110375,110564,110723,110942,111304,111565,111809,111903,112023,112077,112246,112415,112593,112774,112950,113185,113394,113660,113810,114002,114229,114434,114571,114797,114980,115210,115461,115553,115734,115889,116135,116440,116679,116942,117168,117402,117669,117901,118177,118430,118608,118861,118940,119189,119513,119684,119951,120066,120241,120531,120743,121000,121052,121289,121482,121663,121694,121974,122227,122379,122613,122769,122922,123134,123325,123496,123619,123811,123964,124166,124368,124554,124563,124827,125028,125170,125317,125672,125850,125977,126238,126429,126562,126778,126859,127064,127197,127370,127628,127622,127754,127939,128026,128206,128366,128523,128718,128908,129155,129319,129498,129718,128362,108527,111763,116492,118018,119046,119938,120844,,
CES0500000001,1-Month Net Change,-7,-77,139,180,113,117,87,144,108,218,135,93,27,255,258,322,156,201,175,158,267,189,159,219,362,261,244,94,120,54,169,169,178,181,176,235,209,266,150,192,227,205,137,226,183,230,251,92,181,155,246,305,239,263,226,234,267,232,276,253,178,253,79,249,324,171,267,115,175,290,212,257,52,237,193,181,31,280,253,152,234,156,153,212,191,171,123,192,153,202,202,186,9,264,201,142,147,355,178,127,261,191,133,216,81,205,133,173,258,-6,132,185,87,180,160,157,195,190,247,164,179,220,-1356,-19835,3236,4729,1526,1028,892,906,,
CES0500000001,12-Month Net Change,-4177,-3514,-2591,-1599,-1204,-661,-289,54,317,807,939,1250,1284,1616,1735,1877,1920,2004,2092,2106,2265,2236,2260,2386,2721,2727,2713,2485,2449,2302,2296,2307,2218,2210,2227,2243,2090,2095,2001,2099,2206,2357,2325,2382,2387,2436,2511,2368,2340,2229,2325,2438,2450,2508,2597,2605,2689,2691,2716,2877,2874,2972,2805,2749,2834,2742,2783,2664,2572,2630,2566,2570,2444,2428,2542,2474,2181,2290,2276,2313,2372,2238,2179,2134,2273,2207,2137,2148,2270,2192,2141,2175,1950,2058,2106,2036,1992,2176,2231,2166,2274,2263,2194,2224,2296,2237,2169,2200,2311,1950,1904,1962,1788,1777,1804,1745,1859,1844,1958,1949,1870,2096,608,-19412,-16263,-11714,-10348,-9477,-8780,-8064,,
CES0500000001,12-Month Percent Change,-3.7,-3.2,-2.4,-1.5,-1.1,-0.6,-0.3,0.1,0.3,0.8,0.9,1.2,1.2,1.5,1.6,1.7,1.8,1.9,1.9,1.9,2.1,2.1,2.1,2.2,2.5,2.5,2.5,2.3,2.2,2.1,2.1,2.1,2.0,2.0,2.0,2.0,1.9,1.9,1.8,1.9,2.0,2.1,2.1,2.1,2.1,2.2,2.2,2.1,2.1,2.0,2.0,2.1,2.1,2.2,2.3,2.3,2.3,2.3,2.4,2.5,2.5,2.6,2.4,2.4,2.4,2.3,2.4,2.3,2.2,2.2,2.2,2.2,2.1,2.0,2.1,2.1,1.8,1.9,1.9,1.9,2.0,1.9,1.8,1.8,1.9,1.8,1.8,1.8,1.9,1.8,1.8,1.8,1.6,1.7,1.7,1.7,1.6,1.8,1.8,1.7,1.8,1.8,1.8,1.8,1.8,1.8,1.7,1.8,1.8,1.6,1.5,1.6,1.4,1.4,1.4,1.4,1.5,1.5,1.5,1.5,1.5,1.6,0.5,-15.2,-12.7,-9.1,-8.1,-7.4,-6.8,-6.3,,
CES0600000001,Original Data Value,17707,17627,17672,17729,17742,17763,17777,17793,17787,17801,17827,17796,17784,17844,17906,17957,18007,18045,18094,18120,18167,18188,18187,18244,18304,18334,18372,18384,18386,18411,18447,18459,18461,18472,18477,18532,18580,18638,18660,18653,18691,18724,18705,18756,18810,18857,18911,18881,18937,18988,19037,19104,19142,19195,19264,19316,19371,19419,19456,19481,19500,19537,19505,19553,19580,19591,19626,19629,19641,19680,19711,19738,19730,19728,19716,19728,19689,19709,19757,19732,19762,19789,19808,19825,19865,19928,19964,19985,20007,20050,20056,20135,20161,20206,20273,20326,20371,20494,20530,20577,20648,20698,20739,20791,20834,20884,20897,20948,21023,20994,21011,21039,21050,21076,21085,21087,21106,21086,21131,21136,21149,21205,21086,18698,19374,19859,19925,19978,20075,20198,,
CES0600000001,1-Month Net Change,-85,-80,45,57,13,21,14,16,-6,14,26,-31,-12,60,62,51,50,38,49,26,47,21,-1,57,60,30,38,12,2,25,36,12,2,11,5,55,48,58,22,-7,38,33,-19,51,54,47,54,-30,56,51,49,67,38,53,69,52,55,48,37,25,19,37,-32,48,27,11,35,3,12,39,31,27,-8,-2,-12,12,-39,20,48,-25,30,27,19,17,40,63,36,21,22,43,6,79,26,45,67,53,45,123,36,47,71,50,41,52,43,50,13,51,75,-29,17,28,11,26,9,2,19,-20,45,5,13,56,-119,-2388,676,485,66,53,97,123,,
CES0600000001,12-Month Net Change,-2182,-1948,-1555,-1165,-913,-659,-501,-358,-256,-114,-42,4,77,217,234,228,265,282,317,327,380,387,360,448,520,490,466,427,379,366,353,339,294,284,290,288,276,304,288,269,305,313,258,297,349,385,434,349,357,350,377,451,451,471,559,560,561,562,545,600,563,549,468,449,438,396,362,313,270,261,255,257,230,191,211,175,109,118,131,103,121,109,97,87,135,200,248,257,318,341,299,403,399,417,465,501,506,566,566,592,641,648,683,656,673,678,624,622,652,500,481,462,402,378,346,296,272,202,234,188,126,211,75,-2341,-1676,-1217,-1160,-1109,-1031,-888,,
CES0600000001,12-Month Percent Change,-11.0,-10.0,-8.1,-6.2,-4.9,-3.6,-2.7,-2.0,-1.4,-0.6,-0.2,0.0,0.4,1.2,1.3,1.3,1.5,1.6,1.8,1.8,2.1,2.2,2.0,2.5,2.9,2.7,2.6,2.4,2.1,2.0,2.0,1.9,1.6,1.6,1.6,1.6,1.5,1.7,1.6,1.5,1.7,1.7,1.4,1.6,1.9,2.1,2.3,1.9,1.9,1.9,2.0,2.4,2.4,2.5,3.0,3.0,3.0,3.0,2.9,3.2,3.0,2.9,2.5,2.4,2.3,2.1,1.9,1.6,1.4,1.3,1.3,1.3,1.2,1.0,1.1,0.9,0.6,0.6,0.7,0.5,0.6,0.6,0.5,0.4,0.7,1.0,1.3,1.3,1.6,1.7,1.5,2.0,2.0,2.1,2.3,2.5,2.5,2.8,2.8,3.0,3.2,3.2,3.4,3.3,3.3,3.4,3.1,3.1,3.2,2.4,2.3,2.2,1.9,1.8,1.7,1.4,1.3,1.0,1.1,0.9,0.6,1.0,0.4,-11.1,-8.0,-5.8,-5.5,-5.3,-4.9,-4.2,,
CES0700000001,Original Data Value,112083,112071,112207,112381,112908,112748,112650,112629,112570,112824,112923,113026,113057,113209,113382,113645,113696,113894,113905,114005,114191,114374,114507,114652,114946,115178,115380,115450,115548,115596,115712,115872,116057,116205,116356,116540,116683,116903,117020,117218,117402,117550,117681,117872,118005,118183,118393,118492,118611,118726,118931,119189,119369,119642,119805,119941,120195,120399,120653,120896,121068,121302,121405,121641,121945,122108,122375,122497,122640,122907,123113,123359,123440,123705,123946,124121,124202,124449,124755,124915,125154,125272,125404,125617,125762,125887,125980,126156,126289,126462,126671,126776,126768,126990,127148,127225,127301,127584,127724,127814,128021,128190,128285,128477,128514,128665,128786,128917,129111,129141,129271,129453,129527,129683,129868,130073,130262,130467,130683,130862,131063,131258,130004,111605,113654,117950,119645,121085,121660,122175,,
CES0700000001,1-Month Net Change,87,-12,136,174,527,-160,-98,-21,-59,254,99,103,31,152,173,263,51,198,11,100,186,183,133,145,294,232,202,70,98,48,116,160,185,148,151,184,143,220,117,198,184,148,131,191,133,178,210,99,119,115,205,258,180,273,163,136,254,204,254,243,172,234,103,236,304,163,267,122,143,267,206,246,81,265,241,175,81,247,306,160,239,118,132,213,145,125,93,176,133,173,209,105,-8,222,158,77,76,283,140,90,207,169,95,192,37,151,121,131,194,30,130,182,74,156,185,205,189,205,216,179,201,195,-1254,-18399,2049,4296,1695,1440,575,515,,
CES0700000001,12-Month Net Change,-2083,-1666,-1078,-542,88,162,260,295,369,694,735,1030,974,1138,1175,1264,788,1146,1255,1376,1621,1550,1584,1626,1889,1969,1998,1805,1852,1702,1807,1867,1866,1831,1849,1888,1737,1725,1640,1768,1854,1954,1969,2000,1948,1978,2037,1952,1928,1823,1911,1971,1967,2092,2124,2069,2190,2216,2260,2404,2457,2576,2474,2452,2576,2466,2570,2556,2445,2508,2460,2463,2372,2403,2541,2480,2257,2341,2380,2418,2514,2365,2291,2258,2322,2182,2034,2035,2087,2013,1916,1861,1614,1718,1744,1608,1539,1697,1744,1658,1732,1728,1614,1701,1746,1675,1638,1692,1810,1557,1547,1639,1506,1493,1583,1596,1748,1802,1897,1945,1952,2117,733,-17848,-15873,-11733,-10223,-8988,-8602,-8292,,
CES0700000001,12-Month Percent Change,-1.8,-1.5,-1.0,-0.5,0.1,0.1,0.2,0.3,0.3,0.6,0.7,0.9,0.9,1.0,1.0,1.1,0.7,1.0,1.1,1.2,1.4,1.4,1.4,1.4,1.7,1.7,1.8,1.6,1.6,1.5,1.6,1.6,1.6,1.6,1.6,1.6,1.5,1.5,1.4,1.5,1.6,1.7,1.7,1.7,1.7,1.7,1.8,1.7,1.7,1.6,1.6,1.7,1.7,1.8,1.8,1.8,1.9,1.9,1.9,2.0,2.1,2.2,2.1,2.1,2.2,2.1,2.1,2.1,2.0,2.1,2.0,2.0,2.0,2.0,2.1,2.0,1.9,1.9,1.9,2.0,2.0,1.9,1.9,1.8,1.9,1.8,1.6,1.6,1.7,1.6,1.5,1.5,1.3,1.4,1.4,1.3,1.2,1.3,1.4,1.3,1.4,1.4,1.3,1.3,1.4,1.3,1.3,1.3,1.4,1.2,1.2,1.3,1.2,1.2,1.2,1.2,1.4,1.4,1.5,1.5,1.5,1.6,0.6,-13.8,-12.3,-9.0,-7.9,-6.9,-6.6,-6.4,,
CES0800000001,Original Data Value,89592,89595,89689,89812,89912,90008,90081,90209,90323,90527,90636,90760,90799,90994,91190,91461,91567,91730,91856,91988,92208,92376,92536,92698,93000,93231,93437,93519,93637,93666,93799,93956,94132,94302,94473,94653,94814,95022,95150,95349,95538,95710,95866,96041,96170,96353,96550,96672,96797,96901,97098,97336,97537,97747,97904,98086,98298,98482,98721,98949,99108,99324,99435,99636,99933,100093,100325,100437,100600,100851,101032,101262,101322,101561,101766,101935,102005,102265,102470,102647,102851,102980,103114,103309,103460,103568,103655,103826,103957,104116,104312,104419,104402,104621,104755,104844,104946,105178,105320,105400,105590,105731,105823,105987,106025,106180,106300,106422,106605,106628,106743,106900,106976,107130,107281,107436,107612,107822,108024,108183,108349,108513,107276,89829,92389,96633,98093,99068,99863,100646,,
CES0800000001,1-Month Net Change,78,3,94,123,100,96,73,128,114,204,109,124,39,195,196,271,106,163,126,132,220,168,160,162,302,231,206,82,118,29,133,157,176,170,171,180,161,208,128,199,189,172,156,175,129,183,197,122,125,104,197,238,201,210,157,182,212,184,239,228,159,216,111,201,297,160,232,112,163,251,181,230,60,239,205,169,70,260,205,177,204,129,134,195,151,108,87,171,131,159,196,107,-17,219,134,89,102,232,142,80,190,141,92,164,38,155,120,122,183,23,115,157,76,154,151,155,176,210,202,159,166,164,-1237,-17447,2560,4244,1460,975,795,783,,
CES0800000001,12-Month Net Change,-1995,-1566,-1036,-434,-291,-2,212,412,573,921,981,1246,1207,1399,1501,1649,1655,1722,1775,1779,1885,1849,1900,1938,2201,2237,2247,2058,2070,1936,1943,1968,1924,1926,1937,1955,1814,1791,1713,1830,1901,2044,2067,2085,2038,2051,2077,2019,1983,1879,1948,1987,1999,2037,2038,2045,2128,2129,2171,2277,2311,2423,2337,2300,2396,2346,2421,2351,2302,2369,2311,2313,2214,2237,2331,2299,2072,2172,2145,2210,2251,2129,2082,2047,2138,2007,1889,1891,1952,1851,1842,1772,1551,1641,1641,1535,1486,1610,1665,1574,1633,1615,1511,1568,1623,1559,1545,1578,1659,1450,1423,1500,1386,1399,1458,1449,1587,1642,1724,1761,1744,1885,533,-17071,-14587,-10497,-9188,-8368,-7749,-7176,,
CES0800000001,12-Month Percent Change,-2.2,-1.7,-1.1,-0.5,-0.3,0.0,0.2,0.5,0.6,1.0,1.1,1.4,1.3,1.6,1.7,1.8,1.8,1.9,2.0,2.0,2.1,2.0,2.1,2.1,2.4,2.5,2.5,2.3,2.3,2.1,2.1,2.1,2.1,2.1,2.1,2.1,2.0,1.9,1.8,2.0,2.0,2.2,2.2,2.2,2.2,2.2,2.2,2.1,2.1,2.0,2.0,2.1,2.1,2.1,2.1,2.1,2.2,2.2,2.2,2.4,2.4,2.5,2.4,2.4,2.5,2.4,2.5,2.4,2.3,2.4,2.3,2.3,2.2,2.3,2.3,2.3,2.1,2.2,2.1,2.2,2.2,2.1,2.1,2.0,2.1,2.0,1.9,1.9,1.9,1.8,1.8,1.7,1.5,1.6,1.6,1.5,1.4,1.6,1.6,1.5,1.6,1.6,1.4,1.5,1.6,1.5,1.5,1.5,1.6,1.4,1.4,1.4,1.3,1.3,1.4,1.4,1.5,1.5,1.6,1.7,1.6,1.8,0.5,-16.0,-13.6,-9.8,-8.6,-7.8,-7.2,-6.7,,
CES1000000001,Original Data Value,667,674,682,687,697,702,708,716,723,731,736,734,736,739,754,768,778,790,801,804,814,820,824,831,840,845,849,850,855,854,851,851,846,837,843,848,851,858,859,857,862,865,862,864,868,870,869,866,871,875,879,886,887,892,897,898,903,901,900,896,888,875,859,843,820,816,805,794,779,771,756,746,731,711,691,678,666,656,652,647,647,644,647,648,649,655,660,669,673,677,679,684,687,687,693,692,699,706,714,722,724,729,729,737,739,742,737,741,746,741,741,741,743,741,736,731,731,735,724,715,712,714,706,653,633,626,620,619,621,622,,
CES1000000001,1-Month Net Change,4,7,8,5,10,5,6,8,7,8,5,-2,2,3,15,14,10,12,11,3,10,6,4,7,9,5,4,1,5,-1,-3,0,-5,-9,6,5,3,7,1,-2,5,3,-3,2,4,2,-1,-3,5,4,4,7,1,5,5,1,5,-2,-1,-4,-8,-13,-16,-16,-23,-4,-11,-11,-15,-8,-15,-10,-15,-20,-20,-13,-12,-10,-4,-5,0,-3,3,1,1,6,5,9,4,4,2,5,3,0,6,-1,7,7,8,8,2,5,0,8,2,3,-5,4,5,-5,0,0,2,-2,-5,-5,0,4,-11,-9,-3,2,-8,-53,-20,-7,-6,-1,2,1,,
CES1000000001,12-Month Net Change,-94,-75,-46,-23,4,16,30,46,58,70,72,71,69,65,72,81,81,88,93,88,91,89,88,97,104,106,95,82,77,64,50,47,32,17,19,17,11,13,10,7,7,11,11,13,22,33,26,18,20,17,20,29,25,27,35,34,35,31,31,30,17,0,-20,-43,-67,-76,-92,-104,-124,-130,-144,-150,-157,-164,-168,-165,-154,-160,-153,-147,-132,-127,-109,-98,-82,-56,-31,-9,7,21,27,37,40,43,46,44,50,51,54,53,51,52,50,53,52,55,44,49,47,35,27,19,19,12,7,-6,-8,-7,-13,-26,-34,-27,-35,-88,-110,-115,-116,-112,-110,-113,,
CES1000000001,12-Month Percent Change,-12.4,-10.0,-6.3,-3.2,0.6,2.3,4.4,6.9,8.7,10.6,10.8,10.7,10.3,9.6,10.6,11.8,11.6,12.5,13.1,12.3,12.6,12.2,12.0,13.2,14.1,14.3,12.6,10.7,9.9,8.1,6.2,5.8,3.9,2.1,2.3,2.0,1.3,1.5,1.2,0.8,0.8,1.3,1.3,1.5,2.6,3.9,3.1,2.1,2.4,2.0,2.3,3.4,2.9,3.1,4.1,3.9,4.0,3.6,3.6,3.5,2.0,0.0,-2.3,-4.9,-7.6,-8.5,-10.3,-11.6,-13.7,-14.4,-16.0,-16.7,-17.7,-18.7,-19.6,-19.6,-18.8,-19.6,-19.0,-18.5,-16.9,-16.5,-14.4,-13.1,-11.2,-7.9,-4.5,-1.3,1.1,3.2,4.1,5.7,6.2,6.7,7.1,6.8,7.7,7.8,8.2,7.9,7.6,7.7,7.4,7.7,7.6,8.0,6.3,7.1,6.7,5.0,3.8,2.6,2.6,1.6,1.0,-0.8,-1.1,-0.9,-1.8,-3.5,-4.6,-3.6,-4.7,-11.9,-14.8,-15.5,-15.8,-15.3,-15.0,-15.4,,
CES2000000001,Original Data Value,5580,5500,5537,5553,5520,5516,5508,5524,5501,5508,5506,5467,5427,5451,5477,5485,5516,5528,5547,5552,5584,5588,5593,5611,5626,5629,5625,5618,5604,5621,5632,5648,5661,5674,5684,5724,5746,5784,5802,5796,5829,5855,5859,5878,5910,5931,5963,5932,5985,6007,6038,6084,6109,6133,6178,6210,6242,6259,6272,6293,6320,6361,6334,6392,6427,6441,6472,6490,6508,6547,6598,6630,6620,6650,6680,6701,6691,6702,6736,6737,6768,6798,6819,6821,6847,6889,6909,6916,6928,6955,6960,6990,7004,7027,7066,7093,7114,7200,7205,7223,7266,7282,7304,7335,7355,7378,7376,7402,7452,7423,7443,7469,7478,7497,7504,7508,7524,7541,7539,7555,7593,7639,7574,6556,7012,7171,7202,7226,7261,7345,,
CES2000000001,1-Month Net Change,-74,-80,37,16,-33,-4,-8,16,-23,7,-2,-39,-40,24,26,8,31,12,19,5,32,4,5,18,15,3,-4,-7,-14,17,11,16,13,13,10,40,22,38,18,-6,33,26,4,19,32,21,32,-31,53,22,31,46,25,24,45,32,32,17,13,21,27,41,-27,58,35,14,31,18,18,39,51,32,-10,30,30,21,-10,11,34,1,31,30,21,2,26,42,20,7,12,27,5,30,14,23,39,27,21,86,5,18,43,16,22,31,20,23,-2,26,50,-29,20,26,9,19,7,4,16,17,-2,16,38,46,-65,-1018,456,159,31,24,35,84,,
CES2000000001,12-Month Net Change,-987,-946,-754,-601,-580,-494,-424,-331,-286,-208,-190,-187,-153,-49,-60,-68,-4,12,39,28,83,80,87,144,199,178,148,133,88,93,85,96,77,86,91,113,120,155,177,178,225,234,227,230,249,257,279,208,239,223,236,288,280,278,319,332,332,328,309,361,335,354,296,308,318,308,294,280,266,288,326,337,300,289,346,309,264,261,264,247,260,251,221,191,227,239,229,215,237,253,224,253,236,229,247,272,267,311,296,307,338,327,344,345,351,351,310,309,338,223,238,246,212,215,200,173,169,163,163,153,141,216,131,-913,-466,-326,-302,-282,-263,-196,,
CES2000000001,12-Month Percent Change,-15.0,-14.7,-12.0,-9.8,-9.5,-8.2,-7.1,-5.7,-4.9,-3.6,-3.3,-3.3,-2.7,-0.9,-1.1,-1.2,-0.1,0.2,0.7,0.5,1.5,1.5,1.6,2.6,3.7,3.3,2.7,2.4,1.6,1.7,1.5,1.7,1.4,1.5,1.6,2.0,2.1,2.8,3.1,3.2,4.0,4.2,4.0,4.1,4.4,4.5,4.9,3.6,4.2,3.9,4.1,5.0,4.8,4.7,5.4,5.6,5.6,5.5,5.2,6.1,5.6,5.9,4.9,5.1,5.2,5.0,4.8,4.5,4.3,4.6,5.2,5.4,4.7,4.5,5.5,4.8,4.1,4.1,4.1,3.8,4.0,3.8,3.3,2.9,3.4,3.6,3.4,3.2,3.5,3.8,3.3,3.8,3.5,3.4,3.6,4.0,3.9,4.5,4.3,4.4,4.9,4.7,4.9,4.9,5.0,5.0,4.4,4.4,4.8,3.1,3.3,3.4,2.9,3.0,2.7,2.4,2.3,2.2,2.2,2.1,1.9,2.9,1.8,-12.2,-6.2,-4.3,-4.0,-3.8,-3.5,-2.6,,
CES3000000001,Original Data Value,11460,11453,11453,11489,11525,11545,11561,11553,11563,11562,11585,11595,11621,11654,11675,11704,11713,11727,11746,11764,11769,11780,11770,11802,11838,11860,11898,11916,11927,11936,11964,11960,11954,11961,11950,11960,11983,11996,11999,12000,12000,12004,11984,12014,12032,12056,12079,12083,12081,12106,12120,12134,12146,12170,12189,12208,12226,12259,12284,12292,12292,12301,12312,12318,12333,12334,12349,12345,12354,12362,12357,12362,12379,12367,12345,12349,12332,12351,12369,12348,12347,12347,12342,12356,12369,12384,12395,12400,12406,12418,12417,12461,12470,12492,12514,12541,12558,12588,12611,12632,12658,12687,12706,12719,12740,12764,12784,12805,12825,12830,12827,12829,12829,12838,12845,12848,12851,12810,12868,12866,12844,12852,12806,11489,11729,12062,12103,12133,12193,12231,,
CES3000000001,1-Month Net Change,-15,-7,0,36,36,20,16,-8,10,-1,23,10,26,33,21,29,9,14,19,18,5,11,-10,32,36,22,38,18,11,9,28,-4,-6,7,-11,10,23,13,3,1,0,4,-20,30,18,24,23,4,-2,25,14,14,12,24,19,19,18,33,25,8,0,9,11,6,15,1,15,-4,9,8,-5,5,17,-12,-22,4,-17,19,18,-21,-1,0,-5,14,13,15,11,5,6,12,-1,44,9,22,22,27,17,30,23,21,26,29,19,13,21,24,20,21,20,5,-3,2,0,9,7,3,3,-41,58,-2,-22,8,-46,-1317,240,333,41,30,60,38,,
CES3000000001,12-Month Net Change,-1101,-927,-755,-541,-337,-181,-107,-73,-28,24,76,120,161,201,222,215,188,182,185,211,206,218,185,207,217,206,223,212,214,209,218,196,185,181,180,158,145,136,101,84,73,68,20,54,78,95,129,123,98,110,121,134,146,166,205,194,194,203,205,209,211,195,192,184,187,164,160,137,128,103,73,70,87,66,33,31,-1,17,20,3,-7,-15,-15,-6,-10,17,50,51,74,67,48,113,123,145,172,185,189,204,216,232,252,269,289,258,270,272,270,264,267,242,216,197,171,151,139,129,111,46,84,61,19,22,-21,-1340,-1100,-776,-742,-715,-658,-579,,
CES3000000001,12-Month Percent Change,-8.8,-7.5,-6.2,-4.5,-2.8,-1.5,-0.9,-0.6,-0.2,0.2,0.7,1.0,1.4,1.8,1.9,1.9,1.6,1.6,1.6,1.8,1.8,1.9,1.6,1.8,1.9,1.8,1.9,1.8,1.8,1.8,1.9,1.7,1.6,1.5,1.5,1.3,1.2,1.1,0.8,0.7,0.6,0.6,0.2,0.5,0.7,0.8,1.1,1.0,0.8,0.9,1.0,1.1,1.2,1.4,1.7,1.6,1.6,1.7,1.7,1.7,1.7,1.6,1.6,1.5,1.5,1.3,1.3,1.1,1.0,0.8,0.6,0.6,0.7,0.5,0.3,0.3,0.0,0.1,0.2,0.0,-0.1,-0.1,-0.1,0.0,-0.1,0.1,0.4,0.4,0.6,0.5,0.4,0.9,1.0,1.2,1.4,1.5,1.5,1.6,1.7,1.9,2.0,2.2,2.3,2.1,2.2,2.2,2.2,2.1,2.1,1.9,1.7,1.6,1.4,1.2,1.1,1.0,0.9,0.4,0.7,0.5,0.1,0.2,-0.2,-10.4,-8.6,-6.0,-5.8,-5.6,-5.1,-4.5,,
CES3100000001,Original Data Value,6989,6985,6996,7026,7053,7072,7083,7090,7105,7109,7125,7137,7168,7195,7214,7240,7257,7275,7289,7303,7313,7330,7331,7368,7398,7420,7446,7461,7471,7480,7503,7492,7483,7485,7488,7505,7515,7523,7531,7534,7533,7539,7517,7547,7564,7576,7589,7591,7583,7605,7621,7632,7647,7669,7686,7699,7709,7732,7749,7752,7752,7760,7764,7763,7773,7772,7774,7774,7773,7770,7756,7750,7761,7749,7729,7729,7707,7704,7719,7695,7691,7693,7686,7695,7701,7698,7704,7706,7715,7726,7718,7750,7761,7777,7799,7822,7835,7861,7886,7904,7920,7944,7961,7972,7991,8011,8022,8038,8059,8062,8056,8056,8056,8064,8067,8066,8066,8019,8064,8064,8052,8058,8031,7126,7269,7534,7561,7559,7603,7624,,
CES3100000001,1-Month Net Change,-10,-4,11,30,27,19,11,7,15,4,16,12,31,27,19,26,17,18,14,14,10,17,1,37,30,22,26,15,10,9,23,-11,-9,2,3,17,10,8,8,3,-1,6,-22,30,17,12,13,2,-8,22,16,11,15,22,17,13,10,23,17,3,0,8,4,-1,10,-1,2,0,-1,-3,-14,-6,11,-12,-20,0,-22,-3,15,-24,-4,2,-7,9,6,-3,6,2,9,11,-8,32,11,16,22,23,13,26,25,18,16,24,17,11,19,20,11,16,21,3,-6,0,0,8,3,-1,0,-47,45,0,-12,6,-27,-905,143,265,27,-2,44,21,,
CES3100000001,12-Month Net Change,-843,-714,-581,-402,-236,-110,-63,-23,21,65,105,138,179,210,218,214,204,203,206,213,208,221,206,231,230,225,232,221,214,205,214,189,170,155,157,137,117,103,85,73,62,59,14,55,81,91,101,86,68,82,90,98,114,130,169,152,145,156,160,161,169,155,143,131,126,103,88,75,64,38,7,-2,9,-11,-35,-34,-66,-68,-55,-79,-82,-77,-70,-55,-60,-51,-25,-23,8,22,-1,55,70,84,113,127,134,163,182,198,205,218,243,222,230,234,223,216,224,201,170,152,136,120,106,94,75,8,42,26,-7,-4,-25,-930,-787,-530,-506,-507,-463,-395,,
CES3100000001,12-Month Percent Change,-10.8,-9.3,-7.7,-5.4,-3.2,-1.5,-0.9,-0.3,0.3,0.9,1.5,2.0,2.6,3.0,3.1,3.0,2.9,2.9,2.9,3.0,2.9,3.1,2.9,3.2,3.2,3.1,3.2,3.1,2.9,2.8,2.9,2.6,2.3,2.1,2.1,1.9,1.6,1.4,1.1,1.0,0.8,0.8,0.2,0.7,1.1,1.2,1.3,1.1,0.9,1.1,1.2,1.3,1.5,1.7,2.2,2.0,1.9,2.1,2.1,2.1,2.2,2.0,1.9,1.7,1.6,1.3,1.1,1.0,0.8,0.5,0.1,0.0,0.1,-0.1,-0.5,-0.4,-0.8,-0.9,-0.7,-1.0,-1.1,-1.0,-0.9,-0.7,-0.8,-0.7,-0.3,-0.3,0.1,0.3,0.0,0.7,0.9,1.1,1.5,1.7,1.7,2.1,2.4,2.6,2.7,2.8,3.1,2.9,3.0,3.0,2.9,2.8,2.9,2.6,2.2,1.9,1.7,1.5,1.3,1.2,0.9,0.1,0.5,0.3,-0.1,0.0,-0.3,-11.5,-9.8,-6.6,-6.3,-6.3,-5.7,-4.9,,
CES3200000001,Original Data Value,4471,4468,4457,4463,4472,4473,4478,4463,4458,4453,4460,4458,4453,4459,4461,4464,4456,4452,4457,4461,4456,4450,4439,4434,4440,4440,4452,4455,4456,4456,4461,4468,4471,4476,4462,4455,4468,4473,4468,4466,4467,4465,4467,4467,4468,4480,4490,4492,4498,4501,4499,4502,4499,4501,4503,4509,4517,4527,4535,4540,4540,4541,4548,4555,4560,4562,4575,4571,4581,4592,4601,4612,4618,4618,4616,4620,4625,4647,4650,4653,4656,4654,4656,4661,4668,4686,4691,4694,4691,4692,4699,4711,4709,4715,4715,4719,4723,4727,4725,4728,4738,4743,4745,4747,4749,4753,4762,4767,4766,4768,4771,4773,4773,4774,4778,4782,4785,4791,4804,4802,4792,4794,4775,4363,4460,4528,4542,4574,4590,4607,,
CES3200000001,1-Month Net Change,-5,-3,-11,6,9,1,5,-15,-5,-5,7,-2,-5,6,2,3,-8,-4,5,4,-5,-6,-11,-5,6,0,12,3,1,0,5,7,3,5,-14,-7,13,5,-5,-2,1,-2,2,0,1,12,10,2,6,3,-2,3,-3,2,2,6,8,10,8,5,0,1,7,7,5,2,13,-4,10,11,9,11,6,0,-2,4,5,22,3,3,3,-2,2,5,7,18,5,3,-3,1,7,12,-2,6,0,4,4,4,-2,3,10,5,2,2,2,4,9,5,-1,2,3,2,0,1,4,4,3,6,13,-2,-10,2,-19,-412,97,68,14,32,16,17,,
CES3200000001,12-Month Net Change,-258,-213,-174,-139,-101,-71,-44,-50,-49,-41,-29,-18,-18,-9,4,1,-16,-21,-21,-2,-2,-3,-21,-24,-13,-19,-9,-9,0,4,4,7,15,26,23,21,28,33,16,11,11,9,6,-1,-3,4,28,37,30,28,31,36,32,36,36,42,49,47,45,48,42,40,49,53,61,61,72,62,64,65,66,72,78,77,68,65,65,85,75,82,75,62,55,49,50,68,75,74,66,45,49,58,53,61,59,58,55,41,34,34,47,51,46,36,40,38,47,48,43,41,46,45,35,31,33,35,36,38,42,35,26,26,4,-410,-313,-246,-236,-208,-195,-184,,
CES3200000001,12-Month Percent Change,-5.5,-4.6,-3.8,-3.0,-2.2,-1.6,-1.0,-1.1,-1.1,-0.9,-0.6,-0.4,-0.4,-0.2,0.1,0.0,-0.4,-0.5,-0.5,0.0,0.0,-0.1,-0.5,-0.5,-0.3,-0.4,-0.2,-0.2,0.0,0.1,0.1,0.2,0.3,0.6,0.5,0.5,0.6,0.7,0.4,0.2,0.2,0.2,0.1,0.0,-0.1,0.1,0.6,0.8,0.7,0.6,0.7,0.8,0.7,0.8,0.8,0.9,1.1,1.0,1.0,1.1,0.9,0.9,1.1,1.2,1.4,1.4,1.6,1.4,1.4,1.4,1.5,1.6,1.7,1.7,1.5,1.4,1.4,1.9,1.6,1.8,1.6,1.4,1.2,1.1,1.1,1.5,1.6,1.6,1.4,1.0,1.1,1.2,1.1,1.3,1.3,1.2,1.2,0.9,0.7,0.7,1.0,1.1,1.0,0.8,0.8,0.8,1.0,1.0,0.9,0.9,1.0,1.0,0.7,0.7,0.7,0.7,0.8,0.8,0.9,0.7,0.5,0.5,0.1,-8.6,-6.6,-5.2,-4.9,-4.3,-4.1,-3.8,,
CES4000000001,Original Data Value,24476,24461,24521,24507,24526,24549,24574,24577,24623,24675,24664,24686,24721,24787,24845,24934,24947,25007,25059,25070,25105,25133,25151,25162,25267,25283,25326,25339,25378,25368,25379,25404,25441,25477,25545,25556,25593,25610,25602,25637,25673,25731,25768,25829,25902,25930,25976,26067,26076,26058,26086,26168,26223,26283,26337,26363,26415,26489,26548,26593,26613,26657,26684,26707,26767,26814,26859,26870,26874,26908,26945,26978,26976,27036,27093,27118,27132,27164,27205,27254,27269,27288,27284,27350,27357,27342,27339,27352,27339,27366,27368,27385,27410,27435,27449,27465,27448,27525,27578,27574,27602,27589,27598,27657,27636,27633,27691,27666,27711,27688,27665,27671,27667,27686,27692,27688,27712,27750,27762,27809,27832,27830,27723,24475,24858,25852,26136,26494,26579,26751,,
CES4000000001,1-Month Net Change,67,-15,60,-14,19,23,25,3,46,52,-11,22,35,66,58,89,13,60,52,11,35,28,18,11,105,16,43,13,39,-10,11,25,37,36,68,11,37,17,-8,35,36,58,37,61,73,28,46,91,9,-18,28,82,55,60,54,26,52,74,59,45,20,44,27,23,60,47,45,11,4,34,37,33,-2,60,57,25,14,32,41,49,15,19,-4,66,7,-15,-3,13,-13,27,2,17,25,25,14,16,-17,77,53,-4,28,-13,9,59,-21,-3,58,-25,45,-23,-23,6,-4,19,6,-4,24,38,12,47,23,-2,-107,-3248,383,994,284,358,85,172,,
CES4000000001,12-Month Net Change,-939,-807,-602,-435,-367,-286,-160,-120,-20,138,145,277,245,326,324,427,421,458,485,493,482,458,487,476,546,496,481,405,431,361,320,334,336,344,394,394,326,327,276,298,295,363,389,425,461,453,431,511,483,448,484,531,550,552,569,534,513,559,572,526,537,599,598,539,544,531,522,507,459,419,397,385,363,379,409,411,365,350,346,384,395,380,339,372,381,306,246,234,207,202,163,131,141,147,165,115,91,183,239,222,263,223,230,272,226,198,242,201,263,163,87,97,65,97,94,31,76,117,71,143,121,142,58,-3196,-2809,-1834,-1556,-1194,-1133,-999,,
CES4000000001,12-Month Percent Change,-3.7,-3.2,-2.4,-1.7,-1.5,-1.2,-0.6,-0.5,-0.1,0.6,0.6,1.1,1.0,1.3,1.3,1.7,1.7,1.9,2.0,2.0,2.0,1.9,2.0,1.9,2.2,2.0,1.9,1.6,1.7,1.4,1.3,1.3,1.3,1.4,1.6,1.6,1.3,1.3,1.1,1.2,1.2,1.4,1.5,1.7,1.8,1.8,1.7,2.0,1.9,1.7,1.9,2.1,2.1,2.1,2.2,2.1,2.0,2.2,2.2,2.0,2.1,2.3,2.3,2.1,2.1,2.0,2.0,1.9,1.7,1.6,1.5,1.4,1.4,1.4,1.5,1.5,1.4,1.3,1.3,1.4,1.5,1.4,1.3,1.4,1.4,1.1,0.9,0.9,0.8,0.7,0.6,0.5,0.5,0.5,0.6,0.4,0.3,0.7,0.9,0.8,1.0,0.8,0.8,1.0,0.8,0.7,0.9,0.7,1.0,0.6,0.3,0.4,0.2,0.4,0.3,0.1,0.3,0.4,0.3,0.5,0.4,0.5,0.2,-11.5,-10.2,-6.6,-5.6,-4.3,-4.1,-3.6,,
CES4200000001,Original Data Value,14401.0,14397.1,14446.7,14427.2,14438.6,14442.1,14449.2,14454.3,14478.3,14510.7,14486.0,14474.1,14537.1,14558.2,14589.2,14646.2,14645.8,14681.7,14725.4,14719.4,14743.8,14749.5,14754.8,14747.0,14817.1,14795.3,14826.1,14837.7,14834.4,14817.5,14812.4,14817.4,14853.7,14869.0,14944.7,14913.8,14936.3,14951.4,14949.1,14968.2,15002.0,15048.5,15089.7,15129.5,15162.7,15196.3,15212.3,15287.7,15262.9,15243.7,15248.1,15303.0,15322.9,15351.8,15374.9,15386.2,15418.9,15469.7,15502.9,15510.5,15520.2,15535.1,15547.7,15566.9,15595.9,15618.7,15639.0,15637.7,15642.9,15675.4,15695.0,15699.0,15724.7,15771.9,15810.0,15813.6,15813.1,15843.6,15859.2,15876.6,15885.4,15887.8,15862.3,15892.4,15920.4,15880.4,15862.2,15854.1,15824.8,15831.4,15823.1,15822.9,15815.2,15810.9,15816.1,15802.2,15785.5,15821.0,15833.0,15832.1,15836.4,15797.5,15785.4,15788.1,15741.6,15702.5,15729.6,15704.4,15696.5,15667.2,15642.9,15631.1,15618.8,15613.4,15614.4,15613.8,15622.8,15644.7,15630.8,15672.2,15669.0,15672.0,15586.6,13287.6,13673.5,14531.5,14785.4,15046.4,15069.8,15173.5,,
CES4200000001,1-Month Net Change,66.2,-3.9,49.6,-19.5,11.4,3.5,7.1,5.1,24.0,32.4,-24.7,-11.9,63.0,21.1,31.0,57.0,-0.4,35.9,43.7,-6.0,24.4,5.7,5.3,-7.8,70.1,-21.8,30.8,11.6,-3.3,-16.9,-5.1,5.0,36.3,15.3,75.7,-30.9,22.5,15.1,-2.3,19.1,33.8,46.5,41.2,39.8,33.2,33.6,16.0,75.4,-24.8,-19.2,4.4,54.9,19.9,28.9,23.1,11.3,32.7,50.8,33.2,7.6,9.7,14.9,12.6,19.2,29.0,22.8,20.3,-1.3,5.2,32.5,19.6,4.0,25.7,47.2,38.1,3.6,-0.5,30.5,15.6,17.4,8.8,2.4,-25.5,30.1,28.0,-40.0,-18.2,-8.1,-29.3,6.6,-8.3,-0.2,-7.7,-4.3,5.2,-13.9,-16.7,35.5,12.0,-0.9,4.3,-38.9,-12.1,2.7,-46.5,-39.1,27.1,-25.2,-7.9,-29.3,-24.3,-11.8,-12.3,-5.4,1.0,-0.6,9.0,21.9,-13.9,41.4,-3.2,3.0,-85.4,-2299.0,385.9,858.0,253.9,261.0,23.4,103.7,,
CES4200000001,12-Month Net Change,-393.5,-322.3,-204.0,-135.9,-119.7,-98.9,-39.7,-26.2,28.1,129.1,106.6,139.3,136.1,161.1,142.5,219.0,207.2,239.6,276.2,265.1,265.5,238.8,268.8,272.9,280.0,237.1,236.9,191.5,188.6,135.8,87.0,98.0,109.9,119.5,189.9,166.8,119.2,156.1,123.0,130.5,167.6,231.0,277.3,312.1,309.0,327.3,267.6,373.9,326.6,292.3,299.0,334.8,320.9,303.3,285.2,256.7,256.2,273.4,290.6,222.8,257.3,291.4,299.6,263.9,273.0,266.9,264.1,251.5,224.0,205.7,192.1,188.5,204.5,236.8,262.3,246.7,217.2,224.9,220.2,238.9,242.5,212.4,167.3,193.4,195.7,108.5,52.2,40.5,11.7,-12.2,-36.1,-53.7,-70.2,-76.9,-46.2,-90.2,-134.9,-59.4,-29.2,-22.0,11.6,-33.9,-37.7,-34.8,-73.6,-108.4,-86.5,-97.8,-89.0,-153.8,-190.1,-201.0,-217.6,-184.1,-171.0,-174.3,-118.8,-57.8,-98.8,-32.2,-27.5,4.8,-56.3,-2343.5,-1945.3,-1081.9,-829.0,-567.4,-553.0,-471.2,,
CES4200000001,12-Month Percent Change,-2.7,-2.2,-1.4,-0.9,-0.8,-0.7,-0.3,-0.2,0.2,0.9,0.7,1.0,0.9,1.1,1.0,1.5,1.4,1.7,1.9,1.8,1.8,1.6,1.9,1.9,1.9,1.6,1.6,1.3,1.3,0.9,0.6,0.7,0.7,0.8,1.3,1.1,0.8,1.1,0.8,0.9,1.1,1.6,1.9,2.1,2.1,2.2,1.8,2.5,2.2,2.0,2.0,2.2,2.1,2.0,1.9,1.7,1.7,1.8,1.9,1.5,1.7,1.9,2.0,1.7,1.8,1.7,1.7,1.6,1.5,1.3,1.2,1.2,1.3,1.5,1.7,1.6,1.4,1.4,1.4,1.5,1.6,1.4,1.1,1.2,1.2,0.7,0.3,0.3,0.1,-0.1,-0.2,-0.3,-0.4,-0.5,-0.3,-0.6,-0.8,-0.4,-0.2,-0.1,0.1,-0.2,-0.2,-0.2,-0.5,-0.7,-0.5,-0.6,-0.6,-1.0,-1.2,-1.3,-1.4,-1.2,-1.1,-1.1,-0.8,-0.4,-0.6,-0.2,-0.2,0.0,-0.4,-15.0,-12.5,-6.9,-5.3,-3.6,-3.5,-3.0,,
CES4300000001,Original Data Value,4129.0,4129.4,4140.8,4147.1,4158.3,4175.2,4192.6,4188.9,4206.3,4216.4,4225.3,4250.1,4217.3,4248.2,4258.7,4277.4,4285.6,4301.5,4303.8,4310.6,4315.9,4324.1,4328.2,4328.3,4346.3,4372.2,4377.0,4364.9,4397.5,4397.7,4409.9,4422.2,4426.1,4436.6,4428.1,4463.7,4465.0,4463.3,4456.9,4471.4,4467.5,4471.8,4463.9,4479.8,4506.2,4512.2,4529.8,4541.2,4561.9,4556.8,4572.6,4586.5,4614.8,4634.0,4661.5,4676.2,4690.1,4710.0,4732.6,4760.5,4769.8,4786.0,4799.0,4805.9,4828.1,4855.2,4878.6,4889.4,4898.4,4898.8,4914.7,4946.0,4918.3,4931.8,4948.3,4963.7,4980.6,4984.1,5008.0,5036.0,5030.5,5046.4,5064.4,5103.8,5078.0,5101.7,5114.7,5130.7,5153.3,5166.2,5175.9,5193.3,5223.0,5247.3,5256.5,5280.7,5286.1,5323.8,5353.0,5367.4,5390.7,5411.5,5424.0,5460.6,5489.2,5521.7,5545.2,5537.5,5584.3,5585.9,5591.6,5598.6,5601.6,5622.7,5622.2,5618.1,5628.6,5635.4,5658.0,5655.9,5678.5,5678.1,5668.2,5108.4,5083.3,5170.5,5218.5,5304.0,5344.2,5407.4,,
CES4300000001,1-Month Net Change,20.6,0.4,11.4,6.3,11.2,16.9,17.4,-3.7,17.4,10.1,8.9,24.8,-32.8,30.9,10.5,18.7,8.2,15.9,2.3,6.8,5.3,8.2,4.1,0.1,18.0,25.9,4.8,-12.1,32.6,0.2,12.2,12.3,3.9,10.5,-8.5,35.6,1.3,-1.7,-6.4,14.5,-3.9,4.3,-7.9,15.9,26.4,6.0,17.6,11.4,20.7,-5.1,15.8,13.9,28.3,19.2,27.5,14.7,13.9,19.9,22.6,27.9,9.3,16.2,13.0,6.9,22.2,27.1,23.4,10.8,9.0,0.4,15.9,31.3,-27.7,13.5,16.5,15.4,16.9,3.5,23.9,28.0,-5.5,15.9,18.0,39.4,-25.8,23.7,13.0,16.0,22.6,12.9,9.7,17.4,29.7,24.3,9.2,24.2,5.4,37.7,29.2,14.4,23.3,20.8,12.5,36.6,28.6,32.5,23.5,-7.7,46.8,1.6,5.7,7.0,3.0,21.1,-0.5,-4.1,10.5,6.8,22.6,-2.1,22.6,-0.4,-9.9,-559.8,-25.1,87.2,48.0,85.5,40.2,63.2,,
CES4300000001,12-Month Net Change,-229.5,-205.1,-160.2,-108.2,-79.1,-44.6,-5.6,1.1,26.8,52.6,67.0,141.7,88.3,118.8,117.9,130.3,127.3,126.3,111.2,121.7,109.6,107.7,102.9,78.2,129.0,124.0,118.3,87.5,111.9,96.2,106.1,111.6,110.2,112.5,99.9,135.4,118.7,91.1,79.9,106.5,70.0,74.1,54.0,57.6,80.1,75.6,101.7,77.5,96.9,93.5,115.7,115.1,147.3,162.2,197.6,196.4,183.9,197.8,202.8,219.3,207.9,229.2,226.4,219.4,213.3,221.2,217.1,213.2,208.3,188.8,182.1,185.5,148.5,145.8,149.3,157.8,152.5,128.9,129.4,146.6,132.1,147.6,149.7,157.8,159.7,169.9,166.4,167.0,172.7,182.1,167.9,157.3,192.5,200.9,192.1,176.9,208.1,222.1,238.3,236.7,237.4,245.3,248.1,267.3,266.2,274.4,288.7,256.8,298.2,262.1,238.6,231.2,210.9,211.2,198.2,157.5,139.4,113.7,112.8,118.4,94.2,92.2,76.6,-490.2,-518.3,-452.2,-403.7,-314.1,-284.4,-228.0,,
CES4300000001,12-Month Percent Change,-5.3,-4.7,-3.7,-2.5,-1.9,-1.1,-0.1,0.0,0.6,1.3,1.6,3.4,2.1,2.9,2.8,3.1,3.1,3.0,2.7,2.9,2.6,2.6,2.4,1.8,3.1,2.9,2.8,2.0,2.6,2.2,2.5,2.6,2.6,2.6,2.3,3.1,2.7,2.1,1.8,2.4,1.6,1.7,1.2,1.3,1.8,1.7,2.3,1.7,2.2,2.1,2.6,2.6,3.3,3.6,4.4,4.4,4.1,4.4,4.5,4.8,4.6,5.0,5.0,4.8,4.6,4.8,4.7,4.6,4.4,4.0,3.8,3.9,3.1,3.0,3.1,3.3,3.2,2.7,2.7,3.0,2.7,3.0,3.0,3.2,3.2,3.4,3.4,3.4,3.5,3.7,3.4,3.1,3.8,4.0,3.8,3.5,4.1,4.4,4.7,4.6,4.6,4.7,4.8,5.1,5.1,5.2,5.5,4.9,5.6,4.9,4.5,4.3,3.9,3.9,3.7,2.9,2.5,2.1,2.0,2.1,1.7,1.7,1.4,-8.8,-9.3,-8.0,-7.2,-5.6,-5.1,-4.0,,
CES5000000001,Original Data Value,2737,2737,2718,2715,2709,2703,2703,2702,2697,2695,2689,2682,2678,2673,2672,2674,2679,2685,2676,2634,2677,2677,2676,2678,2665,2676,2678,2679,2685,2674,2680,2676,2670,2667,2674,2675,2661,2699,2699,2696,2711,2707,2720,2690,2707,2719,2724,2726,2721,2719,2725,2722,2719,2725,2724,2731,2732,2726,2735,2735,2738,2742,2737,2741,2749,2750,2753,2754,2764,2763,2750,2759,2763,2778,2785,2789,2753,2798,2799,2805,2812,2814,2809,2812,2819,2814,2813,2809,2804,2807,2809,2815,2811,2812,2813,2819,2815,2815,2826,2839,2837,2837,2841,2841,2839,2851,2850,2854,2843,2841,2851,2845,2853,2865,2862,2861,2866,2865,2874,2883,2894,2894,2888,2609,2569,2576,2565,2588,2635,2632,,
CES5000000001,1-Month Net Change,-6,0,-19,-3,-6,-6,0,-1,-5,-2,-6,-7,-4,-5,-1,2,5,6,-9,-42,43,0,-1,2,-13,11,2,1,6,-11,6,-4,-6,-3,7,1,-14,38,0,-3,15,-4,13,-30,17,12,5,2,-5,-2,6,-3,-3,6,-1,7,1,-6,9,0,3,4,-5,4,8,1,3,1,10,-1,-13,9,4,15,7,4,-36,45,1,6,7,2,-5,3,7,-5,-1,-4,-5,3,2,6,-4,1,1,6,-4,0,11,13,-2,0,4,0,-2,12,-1,4,-11,-2,10,-6,8,12,-3,-1,5,-1,9,9,11,0,-6,-279,-40,7,-11,23,47,-3,,
CES5000000001,12-Month Net Change,-154,-141,-146,-118,-98,-93,-77,-65,-71,-68,-63,-61,-59,-64,-46,-41,-30,-18,-27,-68,-20,-18,-13,-4,-13,3,6,5,6,-11,4,42,-7,-10,-2,-3,-4,23,21,17,26,33,40,14,37,52,50,51,60,20,26,26,8,18,4,41,25,7,11,9,17,23,12,19,30,25,29,23,32,37,15,24,25,36,48,48,4,48,46,51,48,51,59,53,56,36,28,20,51,9,10,10,-1,-2,4,7,-4,1,13,30,33,30,32,26,28,39,37,35,28,26,25,6,16,28,21,20,27,14,24,29,51,53,37,-236,-284,-289,-297,-273,-231,-233,,
CES5000000001,12-Month Percent Change,-5.3,-4.9,-5.1,-4.2,-3.5,-3.3,-2.8,-2.3,-2.6,-2.5,-2.3,-2.2,-2.2,-2.3,-1.7,-1.5,-1.1,-0.7,-1.0,-2.5,-0.7,-0.7,-0.5,-0.1,-0.5,0.1,0.2,0.2,0.2,-0.4,0.1,1.6,-0.3,-0.4,-0.1,-0.1,-0.2,0.9,0.8,0.6,1.0,1.2,1.5,0.5,1.4,1.9,1.9,1.9,2.3,0.7,1.0,1.0,0.3,0.7,0.1,1.5,0.9,0.3,0.4,0.3,0.6,0.8,0.4,0.7,1.1,0.9,1.1,0.8,1.2,1.4,0.5,0.9,0.9,1.3,1.8,1.8,0.1,1.7,1.7,1.9,1.7,1.8,2.1,1.9,2.0,1.3,1.0,0.7,1.9,0.3,0.4,0.4,0.0,-0.1,0.1,0.2,-0.1,0.0,0.5,1.1,1.2,1.1,1.1,0.9,1.0,1.4,1.3,1.2,1.0,0.9,0.9,0.2,0.6,1.0,0.7,0.7,1.0,0.5,0.8,1.0,1.8,1.9,1.3,-8.3,-10.0,-10.1,-10.4,-9.5,-8.1,-8.1,,
CES5500000001,Original Data Value,7732,7724,7708,7708,7699,7688,7677,7676,7683,7682,7681,7684,7680,7676,7681,7679,7702,7692,7694,7700,7694,7707,7721,7729,7735,7743,7768,7771,7783,7783,7779,7788,7800,7809,7815,7827,7836,7850,7857,7872,7883,7888,7904,7903,7904,7910,7910,7914,7913,7930,7932,7944,7951,7968,7980,7995,8008,8016,8034,8041,8059,8072,8081,8088,8095,8117,8137,8143,8153,8168,8180,8188,8203,8211,8226,8249,8263,8280,8302,8317,8325,8331,8342,8369,8399,8401,8409,8424,8432,8448,8460,8469,8477,8482,8494,8498,8504,8533,8538,8545,8567,8586,8594,8607,8629,8647,8657,8665,8676,8690,8707,8721,8727,8732,8753,8768,8771,8792,8804,8814,8823,8845,8827,8566,8585,8605,8620,8648,8685,8716,,
CES5500000001,1-Month Net Change,-11,-8,-16,0,-9,-11,-11,-1,7,-1,-1,3,-4,-4,5,-2,23,-10,2,6,-6,13,14,8,6,8,25,3,12,0,-4,9,12,9,6,12,9,14,7,15,11,5,16,-1,1,6,0,4,-1,17,2,12,7,17,12,15,13,8,18,7,18,13,9,7,7,22,20,6,10,15,12,8,15,8,15,23,14,17,22,15,8,6,11,27,30,2,8,15,8,16,12,9,8,5,12,4,6,29,5,7,22,19,8,13,22,18,10,8,11,14,17,14,6,5,21,15,3,21,12,10,9,22,-18,-261,19,20,15,28,37,31,,
CES5500000001,12-Month Net Change,-285,-244,-219,-162,-145,-132,-129,-106,-88,-72,-75,-59,-52,-48,-27,-29,3,4,17,24,11,25,40,45,55,67,87,92,81,91,85,88,106,102,94,98,101,107,89,101,100,105,125,115,104,101,95,87,77,80,75,72,68,80,76,92,104,106,124,127,146,142,149,144,144,149,157,148,145,152,146,147,144,139,145,161,168,163,165,174,172,163,162,181,196,190,183,175,169,168,158,152,152,151,152,129,105,132,129,121,135,138,134,138,152,165,163,167,172,157,169,176,160,146,159,161,142,145,147,149,147,155,120,-155,-142,-127,-133,-120,-86,-76,,
CES5500000001,12-Month Percent Change,-3.6,-3.1,-2.8,-2.1,-1.8,-1.7,-1.7,-1.4,-1.1,-0.9,-1.0,-0.8,-0.7,-0.6,-0.4,-0.4,0.0,0.1,0.2,0.3,0.1,0.3,0.5,0.6,0.7,0.9,1.1,1.2,1.1,1.2,1.1,1.1,1.4,1.3,1.2,1.3,1.3,1.4,1.1,1.3,1.3,1.3,1.6,1.5,1.3,1.3,1.2,1.1,1.0,1.0,1.0,0.9,0.9,1.0,1.0,1.2,1.3,1.3,1.6,1.6,1.8,1.8,1.9,1.8,1.8,1.9,2.0,1.9,1.8,1.9,1.8,1.8,1.8,1.7,1.8,2.0,2.1,2.0,2.0,2.1,2.1,2.0,2.0,2.2,2.4,2.3,2.2,2.1,2.0,2.0,1.9,1.8,1.8,1.8,1.8,1.5,1.3,1.6,1.5,1.4,1.6,1.6,1.6,1.6,1.8,1.9,1.9,2.0,2.0,1.8,2.0,2.1,1.9,1.7,1.9,1.9,1.6,1.7,1.7,1.7,1.7,1.8,1.4,-1.8,-1.6,-1.5,-1.5,-1.4,-1.0,-0.9,,
CES6000000001,Original Data Value,16572,16591,16574,16666,16702,16764,16773,16833,16850,16917,17011,17080,17091,17170,17235,17297,17348,17363,17371,17446,17510,17556,17591,17658,17745,17816,17848,17897,17922,17977,18020,18052,18066,18139,18193,18230,18273,18367,18421,18483,18537,18582,18629,18655,18683,18732,18801,18790,18837,18899,18944,19002,19044,19105,19142,19201,19257,19285,19339,19418,19442,19487,19513,19557,19638,19689,19726,19755,19778,19851,19885,19955,19953,19968,19998,20030,20038,20081,20125,20131,20198,20216,20253,20288,20338,20347,20376,20406,20463,20498,20540,20568,20571,20619,20649,20683,20738,20781,20823,20868,20914,20948,20968,21009,21042,21079,21102,21128,21126,21164,21176,21226,21253,21294,21337,21377,21402,21444,21481,21503,21523,21550,21456,19254,19414,19725,19887,20071,20193,20401,,
CES6000000001,1-Month Net Change,21,19,-17,92,36,62,9,60,17,67,94,69,11,79,65,62,51,15,8,75,64,46,35,67,87,71,32,49,25,55,43,32,14,73,54,37,43,94,54,62,54,45,47,26,28,49,69,-11,47,62,45,58,42,61,37,59,56,28,54,79,24,45,26,44,81,51,37,29,23,73,34,70,-2,15,30,32,8,43,44,6,67,18,37,35,50,9,29,30,57,35,42,28,3,48,30,34,55,43,42,45,46,34,20,41,33,37,23,26,-2,38,12,50,27,41,43,40,25,42,37,22,20,27,-94,-2202,160,311,162,184,122,208,,
CES6000000001,12-Month Net Change,-560,-345,-213,14,100,267,299,368,381,429,463,529,519,579,661,631,646,599,598,613,660,639,580,578,654,646,613,600,574,614,649,606,556,583,602,572,528,551,573,586,615,605,609,603,617,593,608,560,564,532,523,519,507,523,513,546,574,553,538,628,605,588,569,555,594,584,584,554,521,566,546,537,511,481,485,473,400,392,399,376,420,365,368,333,385,379,378,376,425,417,415,437,373,403,396,395,400,434,447,462,451,450,428,441,471,460,453,445,388,383,353,358,339,346,369,368,360,365,379,375,397,386,280,-1972,-1839,-1569,-1450,-1306,-1209,-1043,,
CES6000000001,12-Month Percent Change,-3.3,-2.0,-1.3,0.1,0.6,1.6,1.8,2.2,2.3,2.6,2.8,3.2,3.1,3.5,4.0,3.8,3.9,3.6,3.6,3.6,3.9,3.8,3.4,3.4,3.8,3.8,3.6,3.5,3.3,3.5,3.7,3.5,3.2,3.3,3.4,3.2,3.0,3.1,3.2,3.3,3.4,3.4,3.4,3.3,3.4,3.3,3.3,3.1,3.1,2.9,2.8,2.8,2.7,2.8,2.8,2.9,3.1,3.0,2.9,3.3,3.2,3.1,3.0,2.9,3.1,3.1,3.1,2.9,2.7,2.9,2.8,2.8,2.6,2.5,2.5,2.4,2.0,2.0,2.0,1.9,2.1,1.8,1.9,1.7,1.9,1.9,1.9,1.9,2.1,2.1,2.1,2.2,1.8,2.0,2.0,1.9,2.0,2.1,2.2,2.3,2.2,2.2,2.1,2.1,2.3,2.2,2.2,2.2,1.9,1.8,1.7,1.7,1.6,1.7,1.8,1.8,1.7,1.7,1.8,1.8,1.9,1.8,1.3,-9.3,-8.7,-7.4,-6.8,-6.1,-5.6,-4.9,,
CES6500000001,Original Data Value,19820,19839,19896,19902,19934,19955,19980,20017,20001,20074,20119,20134,20153,20163,20177,20237,20252,20288,20327,20367,20415,20457,20496,20530,20574,20657,20689,20707,20747,20738,20773,20801,20841,20881,20887,20935,20956,20958,21007,21054,21071,21070,21074,21143,21133,21158,21194,21196,21228,21251,21294,21321,21364,21410,21453,21491,21543,21573,21626,21678,21741,21789,21832,21906,21958,21998,22053,22094,22131,22215,22260,22323,22337,22405,22452,22510,22567,22624,22668,22714,22773,22834,22868,22929,22938,23012,23051,23101,23139,23167,23227,23264,23295,23322,23374,23383,23437,23491,23523,23538,23576,23617,23644,23691,23716,23767,23790,23844,23900,23918,23981,24046,24076,24131,24204,24262,24323,24363,24436,24465,24534,24586,24408,21805,22193,22760,22979,23154,23203,23260,,
CES6500000001,1-Month Net Change,16,19,57,6,32,21,25,37,-16,73,45,15,19,10,14,60,15,36,39,40,48,42,39,34,44,83,32,18,40,-9,35,28,40,40,6,48,21,2,49,47,17,-1,4,69,-10,25,36,2,32,23,43,27,43,46,43,38,52,30,53,52,63,48,43,74,52,40,55,41,37,84,45,63,14,68,47,58,57,57,44,46,59,61,34,61,9,74,39,50,38,28,60,37,31,27,52,9,54,54,32,15,38,41,27,47,25,51,23,54,56,18,63,65,30,55,73,58,61,40,73,29,69,52,-178,-2603,388,567,219,175,49,57,,
CES6500000001,12-Month Net Change,338,332,382,381,352,341,351,336,309,338,349,330,333,324,281,335,318,333,347,350,414,383,377,396,421,494,512,470,495,450,446,434,426,424,391,405,382,301,318,347,324,332,301,342,292,277,307,261,272,293,287,267,293,340,379,348,410,415,432,482,513,538,538,585,594,588,600,603,588,642,634,645,596,616,620,604,609,626,615,620,642,619,608,606,601,607,599,591,572,543,559,550,522,488,506,454,499,479,472,437,437,450,417,427,421,445,416,461,463,427,458,508,500,514,560,571,607,596,646,621,634,668,427,-2241,-1883,-1371,-1225,-1108,-1120,-1103,,
CES6500000001,12-Month Percent Change,1.7,1.7,2.0,2.0,1.8,1.7,1.8,1.7,1.6,1.7,1.8,1.7,1.7,1.6,1.4,1.7,1.6,1.7,1.7,1.7,2.1,1.9,1.9,2.0,2.1,2.5,2.5,2.3,2.4,2.2,2.2,2.1,2.1,2.1,1.9,2.0,1.9,1.5,1.5,1.7,1.6,1.6,1.4,1.6,1.4,1.3,1.5,1.2,1.3,1.4,1.4,1.3,1.4,1.6,1.8,1.6,1.9,2.0,2.0,2.3,2.4,2.5,2.5,2.7,2.8,2.7,2.8,2.8,2.7,3.0,2.9,3.0,2.7,2.8,2.8,2.8,2.8,2.8,2.8,2.8,2.9,2.8,2.7,2.7,2.7,2.7,2.7,2.6,2.5,2.4,2.5,2.4,2.3,2.1,2.2,2.0,2.2,2.1,2.0,1.9,1.9,1.9,1.8,1.8,1.8,1.9,1.8,2.0,2.0,1.8,1.9,2.2,2.1,2.2,2.4,2.4,2.6,2.5,2.7,2.6,2.7,2.8,1.8,-9.3,-7.8,-5.7,-5.1,-4.6,-4.6,-4.5,,
CES7000000001,Original Data Value,12932,12927,12943,12979,13012,13034,13048,13081,13137,13127,13126,13157,13149,13188,13247,13298,13293,13343,13370,13395,13426,13464,13511,13538,13600,13641,13706,13709,13705,13702,13735,13804,13872,13883,13910,13978,14037,14082,14113,14152,14193,14252,14288,14327,14339,14395,14432,14454,14489,14509,14564,14614,14670,14693,14703,14725,14768,14811,14849,14892,14915,14972,14981,15023,15103,15108,15168,15201,15279,15316,15374,15406,15441,15497,15538,15561,15582,15637,15684,15724,15761,15779,15829,15846,15878,15910,15922,15986,16021,16063,16134,16138,16065,16156,16170,16190,16193,16218,16220,16217,16263,16310,16349,16350,16326,16358,16368,16415,16496,16473,16494,16507,16519,16526,16528,16570,16631,16701,16744,16784,16808,16867,16124,8549,9954,11933,12566,12704,13110,13381,,
CES7000000001,1-Month Net Change,-12,-5,16,36,33,22,14,33,56,-10,-1,31,-8,39,59,51,-5,50,27,25,31,38,47,27,62,41,65,3,-4,-3,33,69,68,11,27,68,59,45,31,39,41,59,36,39,12,56,37,22,35,20,55,50,56,23,10,22,43,43,38,43,23,57,9,42,80,5,60,33,78,37,58,32,35,56,41,23,21,55,47,40,37,18,50,17,32,32,12,64,35,42,71,4,-73,91,14,20,3,25,2,-3,46,47,39,1,-24,32,10,47,81,-23,21,13,12,7,2,42,61,70,43,40,24,59,-743,-7575,1405,1979,633,138,406,271,,
CES7000000001,12-Month Net Change,-290,-266,-184,-77,-94,-42,-30,35,83,132,140,213,217,261,304,319,281,309,322,314,289,337,385,381,451,453,459,411,412,359,365,409,446,419,399,440,437,441,407,443,488,550,553,523,467,512,522,476,452,427,451,462,477,441,415,398,429,416,417,438,426,463,417,409,433,415,465,476,511,505,525,514,526,525,557,538,479,529,516,523,482,463,455,440,437,413,384,425,439,426,450,414,304,377,341,344,315,308,298,231,242,247,215,212,261,202,198,225,303,255,274,290,256,216,179,220,305,343,376,369,312,394,-370,-7958,-6565,-4593,-3962,-3866,-3521,-3320,,
CES7000000001,12-Month Percent Change,-2.2,-2.0,-1.4,-0.6,-0.7,-0.3,-0.2,0.3,0.6,1.0,1.1,1.6,1.7,2.0,2.3,2.5,2.2,2.4,2.5,2.4,2.2,2.6,2.9,2.9,3.4,3.4,3.5,3.1,3.1,2.7,2.7,3.1,3.3,3.1,3.0,3.3,3.2,3.2,3.0,3.2,3.6,4.0,4.0,3.8,3.4,3.7,3.8,3.4,3.2,3.0,3.2,3.3,3.4,3.1,2.9,2.8,3.0,2.9,2.9,3.0,2.9,3.2,2.9,2.8,3.0,2.8,3.2,3.2,3.5,3.4,3.5,3.5,3.5,3.5,3.7,3.6,3.2,3.5,3.4,3.4,3.2,3.0,3.0,2.9,2.8,2.7,2.5,2.7,2.8,2.7,2.9,2.6,1.9,2.4,2.2,2.2,2.0,1.9,1.9,1.4,1.5,1.5,1.3,1.3,1.6,1.3,1.2,1.4,1.9,1.6,1.7,1.8,1.6,1.3,1.1,1.3,1.9,2.1,2.3,2.2,1.9,2.4,-2.2,-48.2,-39.7,-27.8,-24.0,-23.3,-21.2,-19.9,,
CES8000000001,Original Data Value,5323,5316,5329,5335,5330,5315,5326,5323,5332,5357,5346,5337,5327,5337,5333,5342,5346,5352,5359,5376,5381,5382,5390,5403,5414,5415,5422,5417,5417,5424,5433,5431,5442,5446,5449,5452,5458,5456,5451,5455,5470,5480,5483,5494,5502,5509,5513,5525,5533,5535,5553,5565,5566,5563,5565,5580,5575,5582,5590,5592,5600,5605,5607,5614,5623,5617,5629,5620,5621,5630,5638,5653,5649,5666,5674,5678,5670,5681,5687,5702,5713,5718,5729,5715,5731,5742,5745,5748,5759,5767,5774,5780,5773,5795,5806,5806,5811,5815,5812,5819,5831,5844,5829,5832,5837,5845,5842,5850,5853,5854,5869,5884,5881,5896,5905,5910,5907,5907,5923,5925,5935,5941,5850,4571,4816,5182,5340,5409,5458,5505,,
CES8000000001,1-Month Net Change,3,-7,13,6,-5,-15,11,-3,9,25,-11,-9,-10,10,-4,9,4,6,7,17,5,1,8,13,11,1,7,-5,0,7,9,-2,11,4,3,3,6,-2,-5,4,15,10,3,11,8,7,4,12,8,2,18,12,1,-3,2,15,-5,7,8,2,8,5,2,7,9,-6,12,-9,1,9,8,15,-4,17,8,4,-8,11,6,15,11,5,11,-14,16,11,3,3,11,8,7,6,-7,22,11,0,5,4,-3,7,12,13,-15,3,5,8,-3,8,3,1,15,15,-3,15,9,5,-3,0,16,2,10,6,-91,-1279,245,366,158,69,49,47,,
CES8000000001,12-Month Net Change,-105,-95,-54,-37,-39,-57,-42,-36,-21,24,22,17,4,21,4,7,16,37,33,53,49,25,44,66,87,78,89,75,71,72,74,55,61,64,59,49,44,41,29,38,53,56,50,63,60,63,64,73,75,79,102,110,96,83,82,86,73,73,77,67,67,70,54,49,57,54,64,40,46,48,48,61,49,61,67,64,47,64,58,82,92,88,91,62,82,76,71,70,89,86,87,78,60,77,77,91,80,73,67,71,72,77,55,52,64,50,36,44,42,39,57,65,50,52,76,78,70,62,81,75,82,87,-19,-1313,-1065,-714,-565,-501,-449,-402,,
CES8000000001,12-Month Percent Change,-1.9,-1.8,-1.0,-0.7,-0.7,-1.1,-0.8,-0.7,-0.4,0.5,0.4,0.3,0.1,0.4,0.1,0.1,0.3,0.7,0.6,1.0,0.9,0.5,0.8,1.2,1.6,1.5,1.7,1.4,1.3,1.3,1.4,1.0,1.1,1.2,1.1,0.9,0.8,0.8,0.5,0.7,1.0,1.0,0.9,1.2,1.1,1.2,1.2,1.3,1.4,1.4,1.9,2.0,1.8,1.5,1.5,1.6,1.3,1.3,1.4,1.2,1.2,1.3,1.0,0.9,1.0,1.0,1.2,0.7,0.8,0.9,0.9,1.1,0.9,1.1,1.2,1.1,0.8,1.1,1.0,1.5,1.6,1.6,1.6,1.1,1.5,1.3,1.3,1.2,1.6,1.5,1.5,1.4,1.1,1.3,1.3,1.6,1.4,1.3,1.2,1.2,1.3,1.3,1.0,0.9,1.1,0.9,0.6,0.8,0.7,0.7,1.0,1.1,0.9,0.9,1.3,1.3,1.2,1.1,1.4,1.3,1.4,1.5,-0.3,-22.3,-18.1,-12.1,-9.6,-8.5,-7.6,-6.8,,
CES9000000001,Original Data Value,22491,22476,22518,22569,22996,22740,22569,22420,22247,22297,22287,22266,22258,22215,22192,22184,22129,22164,22049,22017,21983,21998,21971,21954,21946,21947,21943,21931,21911,21930,21913,21916,21925,21903,21883,21887,21869,21881,21870,21869,21864,21840,21815,21831,21835,21830,21843,21820,21814,21825,21833,21853,21832,21895,21901,21855,21897,21917,21932,21947,21960,21978,21970,22005,22012,22015,22050,22060,22040,22056,22081,22097,22118,22144,22180,22186,22197,22184,22285,22268,22303,22292,22290,22308,22302,22319,22325,22330,22332,22346,22359,22357,22366,22369,22393,22381,22355,22406,22404,22414,22431,22459,22462,22490,22489,22485,22486,22495,22506,22513,22528,22553,22551,22553,22587,22637,22650,22645,22659,22679,22714,22745,22728,21776,21265,21317,21552,22017,21797,21529,,
CES9000000001,1-Month Net Change,9,-15,42,51,427,-256,-171,-149,-173,50,-10,-21,-8,-43,-23,-8,-55,35,-115,-32,-34,15,-27,-17,-8,1,-4,-12,-20,19,-17,3,9,-22,-20,4,-18,12,-11,-1,-5,-24,-25,16,4,-5,13,-23,-6,11,8,20,-21,63,6,-46,42,20,15,15,13,18,-8,35,7,3,35,10,-20,16,25,16,21,26,36,6,11,-13,101,-17,35,-11,-2,18,-6,17,6,5,2,14,13,-2,9,3,24,-12,-26,51,-2,10,17,28,3,28,-1,-4,1,9,11,7,15,25,-2,2,34,50,13,-5,14,20,35,31,-17,-952,-511,52,235,465,-220,-268,,
CES9000000001,12-Month Net Change,-88,-100,-42,-108,379,164,48,-117,-204,-227,-246,-216,-233,-261,-326,-385,-867,-576,-520,-403,-264,-299,-316,-312,-312,-268,-249,-253,-218,-234,-136,-101,-58,-95,-88,-67,-77,-66,-73,-62,-47,-90,-98,-85,-90,-73,-40,-67,-55,-56,-37,-16,-32,55,86,24,62,87,89,127,146,153,137,152,180,120,149,205,143,139,149,150,158,166,210,181,185,169,235,208,263,236,209,211,184,175,145,144,135,162,74,89,63,77,103,73,53,87,79,84,99,113,103,133,123,116,93,114,151,107,124,139,120,94,125,147,161,160,173,184,208,232,200,-777,-1286,-1236,-1035,-620,-853,-1116,,
CES9000000001,12-Month Percent Change,-0.4,-0.4,-0.2,-0.5,1.7,0.7,0.2,-0.5,-0.9,-1.0,-1.1,-1.0,-1.0,-1.2,-1.4,-1.7,-3.8,-2.5,-2.3,-1.8,-1.2,-1.3,-1.4,-1.4,-1.4,-1.2,-1.1,-1.1,-1.0,-1.1,-0.6,-0.5,-0.3,-0.4,-0.4,-0.3,-0.4,-0.3,-0.3,-0.3,-0.2,-0.4,-0.4,-0.4,-0.4,-0.3,-0.2,-0.3,-0.3,-0.3,-0.2,-0.1,-0.1,0.3,0.4,0.1,0.3,0.4,0.4,0.6,0.7,0.7,0.6,0.7,0.8,0.5,0.7,0.9,0.7,0.6,0.7,0.7,0.7,0.8,1.0,0.8,0.8,0.8,1.1,0.9,1.2,1.1,0.9,1.0,0.8,0.8,0.7,0.6,0.6,0.7,0.3,0.4,0.3,0.3,0.5,0.3,0.2,0.4,0.4,0.4,0.4,0.5,0.5,0.6,0.5,0.5,0.4,0.5,0.7,0.5,0.6,0.6,0.5,0.4,0.6,0.7,0.7,0.7,0.8,0.8,0.9,1.0,0.9,-3.4,-5.7,-5.5,-4.6,-2.7,-3.8,-4.9,,